Nombre artista,in_apple_playlists,in_apple_charts
"Latto, Jung Kook",43,263
Myke Towers,48,126
Olivia Rodrigo,94,207
Taylor Swift,116,207
Bad Bunny,84,133
"Dave, Central Cee",67,213
"Eslabon Armado, Peso Pluma",34,222
Quevedo,25,89
Gunna,60,210
"Peso Pluma, Yng Lvcas",49,110
"Bad Bunny, Grupo Frontera",41,205
NewJeans,37,202
Miley Cyrus,300,215
David Kushner,80,156
Harry Styles,403,198
SZA,183,162
Fifty Fifty,91,212
Billie Eilish,80,227
"Feid, Young Miko",43,100
Jimin,8,104
"Gabito Ballesteros, Junior H, Peso Pluma",11,163
Taylor Swift,73,119
Arctic Monkeys,24,98
"Bizarrap, Peso Pluma",17,152
"The Weeknd, Madonna, Playboi Carti",74,182
Fuerza Regida,16,149
"Rï¿½ï¿½ma, Selena G",202,119
"Tainy, Bad Bunny",35,109
Morgan Wallen,52,107
Dua Lipa,0,0
Troye Sivan,71,135
"Peso Pluma, Grupo Frontera",20,185
"The Weeknd, 21 Savage, Metro Boomin",113,149
Taylor Swift,242,142
"Karol G, Shakira",115,123
"Big One, Duki, Lit Killah, Maria Becerra, FMK, Rusherking, Emilia, Tiago pzk",22,33
"Yahritza Y Su Esencia, Grupo Frontera",19,108
Taylor Swift,154,123
Taylor Swift,94,111
Fuerza Regida,16,159
"Junior H, Peso Pluma",10,107
"Post Malone, Swae Lee",372,117
"Bebe Rexha, David Guetta",291,184
"Tyler, The Creator, Kali Uchis",77,58
"Nicki Minaj, Aqua, Ice Spice",82,145
Miley Cyrus,65,48
OneRepublic,241,127
The Weeknd,68,21
"The Weeknd, Daft Punk",281,137
"Ariana Grande, The Weeknd",87,86
"Feid, Myke Towers, Sky Rompiendo",44,64
"David Guetta, Anne-Marie, Coi Leray",145,111
Karol G,14,71
Peggy Gou,0,0
Tom Odell,250,122
The Weeknd,672,199
Kali Uchis,67,79
Manuel Turizo,139,111
Karol G,34,115
Taylor Swift,106,112
"dennis, MC Kevin o Chris",27,17
"PinkPantheress, Ice Spice",154,84
"Charlie Puth, BTS, Jung Kook",38,0
"Rauw Alejandro, ROSALï¿½",82,121
"Ozuna, Feid",63,79
Chris Molitor,196,2
Taylor Swift,37,55
Libianca,105,64
Post Malone,36,32
Taylor Swift,32,93
"Rauw Alejandro, Bizarrap",42,80
Glass Animals,386,144
JVKE,70,58
The Neighbourhood,166,87
"Bizarrap, Quevedo",94,65
Coldplay,233,0
d4vd,94,85
"Sam Smith, Kim Petras",216,108
"Yandel, Feid",47,74
Maria Becerra,12,16
Vance Joy,300,65
"Em Beihold, Stephen Sanchez",60,96
"Mc Livinho, DJ Matt D",9,6
Taylor Swift,16,72
"Justin Bieber, The Kid Laroi",492,99
"Marshmello, Manuel Turizo",80,75
Lewis Capaldi,440,125
"Chencho Corleone, Bad Bunny",104,120
Jain,150,148
"Ayparia, unxbected",1,52
Luke Combs,57,97
Doechii,29,76
"Bad Bunny, Eladio Carrion",28,89
Taylor Swift,19,45
Jung Kook,2,107
"J. Cole, Lil Durk",69,145
Lana Del Rey,49,105
SZA,58,156
Lana Del Rey,89,143
BTS,20,106
Taylor Swift,160,110
"Future, Metro Boomin, Don Toliver",17,119
Post Malone,56,91
Eminem,49,98
NewJeans,8,166
Carin Leon,6,40
"Dua Lipa, Elton John, Pnau",384,135
Ruth B.,41,100
Imagine Dragons,98,108
Adele,88,112
"Kendrick Lamar, Jay Rock",69,113
Anggi Marito,7,6
"Jasiel Nuï¿½ï¿½ez, Peso P",2,106
Taylor Swift,21,52
Tears For Fears,101,32
J. Cole,80,65
Loreen,74,102
"Taiu, Milo j",19,23
"Sebastian Yatra, Manuel Turizo, Beï¿½ï",40,58
Taylor Swift,25,81
"Junior H, Peso Pluma",19,117
"Calvin Harris, Ellie Goulding",161,115
Sabrina Carpenter,69,12
"Carin Leon, Grupo Frontera",21,110
Peso Pluma,8,116
Feid,45,69
"Ray Dalton, Ryan Lewis, Macklemore",201,44
Harry Styles,437,115
"Billie Eilish, Khalid",221,96
"Rauw Alejandro, Bizarrap",25,59
(G)I-DLE,10,126
NewJeans,26,124
Lana Del Rey,24,122
"Shakira, Bizarrap",119,108
Arctic Monkeys,30,80
"Swae Lee, A Boogie Wit da Hoodie, Metro Boomin, NAV",31,37
"Travis Scott, Young Thug, Metro Boomin",24,90
"Sachin-Jigar, Shadab Faridi, Altamash Faridi, Amitabh Bhattacharya, Varun Jain",3,88
Ed Sheeran,7,0
d4vd,82,55
Imagine Dragons,250,121
"Veigh, Bvga Beatz, Supernova Ent, Prod Malax",6,9
"Mc Pedrinho, DJ 900",5,2
Eminem,98,76
"Sog, Ryan Castro, Peso Pluma",17,29
"The Weeknd, Lana Del Rey",13,8
"Bomba Estï¿½ï¿½reo, Bad B",71,113
Keane,107,69
New West,24,71
Chino Pacas,7,71
Natanael Cano,7,76
Peso Pluma,13,110
"Don Omar, Lucenzo",119,81
"Ana Castela, AgroPlay",14,88
Bruno Mars,0,0
"Big One, FMK, Ke personajes",4,14
"Drake, 21 Savage",81,121
OneRepublic,179,97
Justin Bieber,107,38
Chris Brown,133,181
"Natanael Cano, Peso Pluma",19,143
Daddy Yankee,98,95
"Drake, WizKid, Kyla",433,107
Taylor Swift,24,101
The Weeknd,197,115
Miguel,137,125
The Police,211,74
Lord Huron,70,82
"Rihanna, Calvin Harris",321,91
Bruno Mars,0,0
Alec Benjamin,0,0
"A$AP Rocky, Metro Boomin, Roisee",17,60
Arctic Monkeys,133,92
Imagine Dragons,65,82
YOASOBI,35,102
The Weeknd,45,85
Taylor Swift,328,70
Arctic Monkeys,54,70
Rosa Linn,148,80
Ed Sheeran,33,0
One Direction,60,20
"Oscar Maydon, Junior H",11,84
Radiohead,146,72
James Arthur,38,25
Cigarettes After Sex,61,96
Shubh,7,10
Frank Ocean,112,68
Post Malone,391,73
Bruno Mars,82,0
Hozier,187,99
"Fuerza Regida, Grupo Frontera",27,129
Taylor Swift,47,90
Bad Bunny,124,133
Taylor Swift,3,33
Hotel Ugly,1,50
Creedence Clearwater Revival,71,37
Plan B,4,3
"Feid, Mora, Saiko, Quevedo",20,46
NewJeans,28,125
a-ha,34,0
"Swae Lee, Lil Wayne, Offset, Metro Boomin",13,46
"Kodak Black, NLE Choppa, Muni Long, JVKE, Jimin",22,18
Shakira,37,50
"Natanael Cano, Gabito Ballesteros, Peso Pluma",12,117
"Arijit Singh, Sachin-Jigar, Amitabha Bhattacharya",6,71
Stray Kids,9,101
Taylor Swift,15,15
"Becky G, Peso Pluma",15,92
"Metro Boomin, Coi Leray",18,41
"Kaliii, Kaliii",44,34
"Junior H, Eden Muï¿½ï",8,60
"Abhijay Sharma, Riar Saab",10,79
"Semicenk, Doï¿½ï¿½u ",5,6
JISOO,20,110
"Future, Lil Uzi Vert, Metro Boomin",5,17
Ed Sheeran,116,69
"RAYE, 070 Shake",116,84
"Arcangel, Bad Bunny",47,77
"Taylor Swift, Ice Spice",23,21
"Future, Chris Brown, Metro Boomin",41,69
"BLESSD, Peso Pluma",8,78
Feid,29,65
"Fuerza Regida, Natanael Cano",10,72
"Lana Del Rey, Taylor Swift",1,0
Coi Leray,118,48
ENHYPEN,8,96
"Lil Durk, Morgan Wallen",23,82
Feid,47,66
"James Blake, Metro Boomin",1,20
"Israel & Rodolffo, Mari Fernandez",7,29
Steve Lacy,155,72
Beyoncï¿,215,88
"Halsey, Suga",6,14
"Nicky Jam, Feid",39,14
"Sean Paul, Feid",29,26
Drake,58,70
"Kendrick Lamar, Beyoncï¿",34,2
Taylor Swift,51,43
"WizKid, Toian, Metro Boomin, Don Toliver, Beam",3,10
Bad Bunny,34,65
Simone Mendes,8,57
Tini,51,29
Lil Uzi Vert,72,27
Sia,119,66
Stephen Sanchez,69,100
"Drake, 21 Savage",84,84
Adele,258,87
"MC Caverinha, KayBlack",7,2
"Offset, JID",3,3
Zï¿½ï¿½ Neto & Crist,12,57
Eminem,81,53
"Migrantes, LiL CaKe, Nico Valdi",41,22
Tory Lanez,3,79
Joji,109,42
"Mambo Kingz, DJ Luian, Anuel Aa",9,13
Ed Sheeran,37,3
"Nile Rodgers, LE SSERAFIM",14,110
Agust D,6,84
"Rich The Kid, Matuï¿",17,7
Karol G,15,26
Labrinth,46,5
"Karol G, Romeo Santos",45,80
Lizzy McAlpine,67,55
Fifty Fifty,15,93
IVE,16,102
sped up 8282,0,0
"Cartel De Santa, La Kelly",8,14
SEVENTEEN,16,103
NLE Choppa,21,4
"The Weeknd, Future",36,65
Taylor Swift,26,6
Karol G,114,104
"Nicki Minaj, Ice Spice",0,0
"Grupo Marca Registrada, Grupo Frontera",4,64
Ed Sheeran,234,71
"Fuerza Regida, Peso Pluma",8,84
"TAEYANG, Lisa",16,90
Raim Laode,5,6
ROSALï¿½,180,90
Meghan Trainor,142,23
"sped up nightcore, ARIZONATEARS, Lil Uzi Vert",0,0
Grupo Frontera,17,80
Quevedo,34,26
TV Girl,3,1
INTERWORLD,18,78
"Quevedo, Jhayco",17,13
"El Chachito, Junior H",3,31
Jimin,4,71
"The Weeknd, Gesaffelstein",30,70
"RM, Colde",5,9
BLACKPINK,53,120
"Nengo Flow, Bad Bunny",21,55
The Weeknd,151,107
Jimin,4,72
"Jasiel Nuï¿½ï¿½ez, Peso P",8,77
"Nicky Youre, Dazy",156,35
Eminem,247,54
"Eminem, Dina Rae",18,51
"Mambo Kingz, DJ Luian, Anuel Aa",10,41
"IU, Agust D",4,45
Feid,20,8
"Arcangel, Bizarrap",11,3
"Tyler, The Creator",23,0
"Tiï¿½ï¿½sto, Tate M",190,104
"Tyler, The Creator",8,1
NF,22,7
Yng Lvcas,4,11
"Kanii, PR1ISVX",16,15
Harry Styles,166,42
Marï¿½ï¿½lia Mendo,30,84
"Ariana Grande, The Weeknd",240,98
Zach Bryan,67,84
Melanie Martinez,29,9
"Fuerza Regida, Chino Pacas",5,48
Taylor Swift,19,29
Mae Stephens,81,27
Morgan Wallen,37,88
"Feid, Mora",28,57
Kenia OS,23,2
Kordhell,20,68
"Coolio, L.V.",21,0
"Karol G, Ovy On The Drums",52,66
The Walters,44,19
Steve Lacy,71,53
James Arthur,231,37
The Weeknd,122,94
Mac DeMarco,27,27
Jack Black,0,0
"Duki, NICKI NICOLE, Cris Mj, Standly, Stars Music Chile",20,8
"Brray, Rauw Alejandro, Lyanno",72,64
SZA,23,71
Linkin Park,39,0
"Gorillaz, Bad Bunny",32,18
"j-hope, J. Cole",22,82
Morgan Wallen,11,58
"Robin Schulz, Oliver Tree",108,16
Morgan Wallen,4,20
Morgan Wallen,22,101
"Don Toliver, Future, Justin Bieber",29,3
Morgan Wallen,11,54
Niall Horan,61,6
Central Cee,49,23
Mahalini,4,6
Morgan Wallen,15,17
"Arijit Singh, Sachin-Jigar",11,101
ThxSoMch,32,3
"Myke Towers, Quevedo",30,15
"Morgan Wallen, Eric Church",14,35
Nicki Minaj,45,11
Kaifi Khalil,1,10
SZA,59,100
"Karol G, Quevedo",11,15
NewJeans,20,119
Lady Gaga,66,26
"Ozuna, Shakira",118,34
Morgan Wallen,6,15
Quevedo,11,24
Morgan Wallen,16,53
Linkin Park,63,0
Leo Santana,20,1
Treyce,12,2
"Post Malone, Doja Cat",94,21
Bad Bunny,20,64
Quevedo,16,19
"MC Xenon, Os Gemeos da Putaria",6,1
"Imagine Dragons, League of Legends, JID, Arcane",122,88
XXXTENTACION,7,0
"Israel & Rodolffo, Ana Castela",26,69
"J Balvin, Bad Bunny",177,109
"Yuridia, Angela Aguilar",19,59
The Kid Laroi,57,4
The Weeknd,45,115
Lizzo,0,0
Morgan Wallen,5,9
Fujii Kaze,24,94
"Wisin & Yandel, ROSALï¿½",53,7
King,11,80
Bad Bunny,74,113
"Coldplay, BTS",0,0
Morgan Wallen,2,10
ROSALï¿½,105,41
"Sam Smith, Calvin Harris, Jessie Reyez",86,1
P!nk,88,24
LE SSERAFIM,23,95
PinkPantheress,27,0
"TAEYANG, Jimin",15,40
SZA,71,95
Rihanna,129,31
Lil Nas X,113,17
Beach Weather,47,60
"Halsey, BTS",113,92
Baby Tate,9,1
Rï¿½ï,107,44
"Arijit Singh, Vishal Dadlani, Sukriti Kakar, Vishal-Shekhar, Shekhar Ravjiani, Kumaar",13,78
"RAYE, 070 Shake",12,1
Beach House,69,76
"BTS, Jung Kook, FIFA Sound",11,78
"Shakira, Rauw Alejandro",124,66
"Steve Aoki, Tini, La Joaqui",33,7
Billie Eilish,68,89
Sam Smith,136,24
Conan Gray,82,1
"Vishal-Shekhar, Shilpa Rao, Caralisa Monteiro, Kumaar, Vishal Dadlani, Shekhar Ravjiani",21,79
"Calvin Harris, Dua Lipa",537,122
TOMORROW X TOGETHER,12,56
BLACKPINK,57,119
"Drake, Future, Tems",128,84
Dua Lipa,532,77
Mr.Kitty,1,9
"Gustavo Mioto, Mari Fernandez",27,64
"Jack Harlow, Lil Nas X",300,47
Elley Duhï¿,78,21
Seafret,43,53
"Baby Rasta, Rauw Alejandro",54,32
"DJ Escobar, MC MENOR SG, MC MENOR HR",14,1
Dean Lewis,72,97
SZA,22,51
Joji,38,45
Central Cee,57,44
Bellakath,9,0
"Skrillex, Flowdan, Fred again..",39,45
"Travis Scott, 21 Savage, Metro Boomin",12,22
Bad Bunny,120,86
Nicki Minaj,104,17
Kate Bush,117,1
Aerosmith,0,0
Freddie Dredd,14,1
"Lost Frequencies, Calum Scott",238,122
"Twisted, Oliver Tree",34,54
Ed Sheeran,344,97
Kenshi Yonezu,38,101
Omar Apollo,70,0
SZA,133,109
"Dua Lipa, DaBaby",198,13
Doja Cat,202,50
Hotel Ugly,2,4
"James Hype, Miggy Dela Rosa",173,79
Taylor Swift,8,18
"Pritam, Arijit Singh, Amitabh Bhattacharya",26,98
"Styrx, utku INC, Thezth",4,0
"Maroon 5, Wiz Khalifa",56,38
Mariah Carey,387,132
Wham!,274,111
Brenda Lee,191,168
Bobby Helms,165,99
Michael Bublï¿,35,0
Ariana Grande,231,106
Andy Williams,182,107
Dean Martin,88,1
Sia,85,110
Kelly Clarkson,144,99
Josï¿½ï¿½ Felic,21,3
Michael Bublï¿,5,0
Justin Bieber,195,111
The Ronettes,114,74
SZA,5,31
SZA,16,63
"John Lennon, The Harlem Community Choir, The Plastic Ono Band, Yoko Ono",130,1
"SZA, Don Toliver",7,29
Burl Ives,108,120
Nat King Cole,140,72
Paul McCartney,1,0
Band Aid,209,30
"SZA, Phoebe Bridgers",16,20
SZA,6,21
Shakin' Stevens,90,35
"Frank Sinatra, B. Swanson Quartet",126,108
SZA,6,18
"SZA, Travis Scott",13,87
"Bing Crosby, John Scott Trotter & His Orchestra, Ken Darby Singers",73,79
Chris Rea,50,0
Darlene Love,121,58
SZA,3,17
SZA,5,9
SZA,14,22
"Ed Sheeran, Elton John",72,90
"Perry Como, The Fontane Sisters, Mitchell Ayres & His Orchestra",89,39
Britney Spears,115,53
"Mabel Matiz, Mert Demir",10,6
RM,2,74
SZA,66,96
"Travis Scott, Metro Boomin",3,7
ThxSoMch,1,0
Nat King Cole,65,39
SZA,6,11
SZA,2,14
"Taylor Swift, Lana Del Rey",33,57
Taylor Swift,12,16
"Dj LK da Escï¿½ï¿½cia, Tchakabum, mc jhenny, M",21,0
Taylor Swift,39,35
"Bad Bunny, Jhay Cortez",27,77
"Gwen Stefani, Blake Shelton",108,56
"Chencho Corleone, Rauw Alejandro",83,58
SZA,0,9
"Bad Bunny, Rauw Alejandro",38,64
Chuck Berry,120,30
Frank Sinatra,32,3
SZA,2,15
"John Legend, Metro Boomin",2,2
"Maldy, Karol G",39,50
Gayle,170,12
The Weeknd,81,77
The Weeknd,13,89
"Lauren Spencer Smith, Lauren Spencer Smith, Lauren Spencer Smith",65,7
The Weeknd,49,88
"Cherish, ACRAZE",183,63
"Adassa, Mauro Castillo, Stephanie Beatriz, Encanto - Cast, Rhenzy Feliz, Diane Guerrero, Carolina Gaitan",95,89
Farruko,252,109
The Weeknd,7,47
The Weeknd,11,29
Jaymes Young,24,0
The Weeknd,18,77
The Weeknd,17,80
Olivia Rodrigo,259,55
"The Weeknd, Tyler, The Creator",7,18
The Weeknd,3,18
"SZA, Doja Cat",382,65
"The Weeknd, Lil Wayne",9,10
Doja Cat,125,36
Lil Nas X,275,19
Ckay,74,0
The Weeknd,1,8
Jessica Darrow,38,48
The Weeknd,1,17
Lil Nas X,173,7
"The Weeknd, Post Malone",68,18
Mï¿½ï¿½ne,183,64
"Aitana, zzoilo",67,13
"Julieta Venegas, Bad Bunny, Tainy",61,65
Lisa,44,109
"Tiï¿½ï¿½sto, Ava",240,107
Billie Eilish,138,133
"The Weeknd, Swedish House Mafia",114,172
"Juan Cruz Toledo, Huilen Toledo",85,43
BoyWithUke,34,23
Olivia Rodrigo,185,61
"Xamï¿½ï¿½, Gustah, Neo B",14,3
Taylor Swift,50,49
The Weeknd,1,5
Adele,105,7
"Lit Killah, Maria Becerra, Tiago pzk, NICKI NICOLE",32,0
The Weeknd,0,2
Emmy Meli,45,0
"Justin Quiles, Lenny Tavï¿½ï¿½rez, BL",54,21
Shawn Mendes,56,8
The Neighbourhood,33,102
Kodak Black,52,15
"Aventura, Bad Bunny",138,24
Rauw Alejandro,188,75
"Ckay, AX'EL, Dj Yo!",42,2
"Bruno Mars, Anderson .Paak, Silk Sonic",63,40
"THE ANXIETY, Willow, Tyler Cole",47,14
The Weeknd,0,1
Sebastian Yatra,77,31
"Justin Bieber, Daniel Caesar, Giveon",231,52
"Bad Bunny, Jhay Cortez",189,166
"Bizarrap, Tiago pzk",20,4
Stromae,41,122
"Chris Brown, Rvssian, Rauw Alejandro",86,76
"NEIKED, Mae Muller, Polo G",105,2
Oliver Tree,43,15
"Kali Uchis, Amaarae, Moliy",69,3
BTS,180,135
"Young Thug, Future, Gunna",54,28
"Doja Cat, The Weeknd",83,9
Olivia Rodrigo,117,39
BTS,239,163
Jnr Choi,44,0
"The Weeknd, Gesaffelstein",110,145
"Trueno, Tiago pzk",17,5
"Sech, Bad Bunny, Mora",101,34
"Bruno Mars, Anderson .Paak, Silk Sonic",237,123
"Drake, Project Pat, 21 Savage",45,43
"Tiï¿½ï¿½sto, Kar",171,51
Edison Lighthouse,16,0
"The Weeknd, ROSALï¿½",81,93
"Olga Merediz, Stephanie Beatriz, Encanto - Cast",20,38
The Weeknd,1,1
Sebastian Yatra,24,47
Surf Curse,23,21
Jason Derulo,111,5
The Neighbourhood,42,70
"21 Savage, Gunna",3,0
IVE,17,89
"24kgoldn, Iann Dior",237,27
"Stephanie Beatriz, Diane Guerrero",13,27
Trueno,14,14
David Kushner,13,0
Olivia Rodrigo,25,46
Kanye West,24,6
Doja Cat,43,19
Lewis Capaldi,205,130
Playboi Carti,25,3
Adele,195,125
Maluma,103,76
"Ed Sheeran, Fireboy DML",60,17
Olivia Rodrigo,20,21
"Prezioso, Gabry Ponte, LUM!X",54,16
Tiï¿½ï¿,255,32
Ariana Grande,175,55
Mï¿½ï¿½ne,65,88
"Marï¿½ï¿½lia Mendonï¿½ï¿½a, George Henrique &",7,3
TWICE,20,99
Giveon,111,127
"Sean Paul, Dua Lipa",92,127
"Charli XCX, Jax Jones, Joel Corry, Saweetie",122,11
SALES,4,2
Sleepy hallow,29,0
Billie Eilish,39,45
Billie Eilish,19,0
Masked Wolf,146,18
"Anuel Aa, Jhay Cortez",101,12
NIKI,30,2
Bruno Mars,5,0
Tate McRae,167,19
Avicii,92,122
The Weeknd,174,73
"Drake, Future, Young Thug",144,30
Rauw Alejandro,36,82
"Imagine Dragons, League of Legends, Arcane",8,8
Tones and I,533,167
Juice WRLD,188,34
"J Balvin, Maria Becerra",92,34
John Legend,308,118
Nirvana,265,121
Duncan Laurence,107,47
"Drake, Travis Scott",118,116
"Tini, L-Gante",22,3
SiM,0,4
"Kendrick Lamar, Baby Keem",114,15
The Killers,306,99
ENHYPEN,2,12
"J Balvin, Nio Garcia, Bad Bunny",93,5
Doja Cat,85,87
"Lady Gaga, Bradley Cooper",368,155
ENHYPEN,10,56
"Marshmello, Jonas Brothers",143,24
BTS,77,134
"Riton, Nightcrawlers, Mufasa & Hypeman, Dopamine",209,54
Polo G,141,12
"Eminem, Nate Dogg",78,46
Maroon 5,272,67
"Arcangel, De La Ghetto, Justin Quiles, Lenny Tavï¿½ï¿½rez, Sech, Dalex, Dimelo Flow, Rich Music",72,0
"Gunna, Lil Baby",17,3
"Katy Perry, Alesso",89,21
"Marï¿½ï¿½lia Mendonï¿½ï¿½a, Maiara &",24,92
"Tini, Maria Becerra",61,23
"Anuel Aa, Myke Towers, Jhay Cortez",30,26
"Karol G, Becky G",151,102
"Dr. Dre, Snoop Dogg",141,78
Jung Kook,4,113
Dove Cameron,76,0
"Ed Sheeran, Taylor Swift",46,1
"Dr. Dre, Snoop Dogg",142,40
Charlie Puth,119,6
"Kanye West, Alicia Keys, Fivio Foreign",34,3
"Mahmood, Blanco",34,1
Frank Ocean,124,27
50 Cent,235,106
Tate McRae,105,12
Yung Lean,13,0
"Labrinth, Zendaya",33,123
The Rare Occasions,22,13
Labrinth,24,85
Labrinth,45,1
"Intense, AP Dhillon, Gurinder Gill",7,21
Juice WRLD,11,0
"Quevedo, La Pantera, Juseph, Cruz Cafunï¿½ï¿½, Bï¿½ï¿½jo, Abhir Hathi",19,5
"Dr. Dre, 2Pac, Roger",128,17
"Eminem, Dr. Dre",78,15
"Luude, Colin Hay",57,13
Ryan Castro,44,63
Kendrick Lamar,284,114
"Eminem, Dido",83,63
"GODZZ__-, Zakaria",65,45
Chase Atlantic,5,1
Bad Bunny,21,20
Em Beihold,47,3
"Mainstreet, Chefin",10,0
"Alvaro Diaz, Rauw Alejandro",42,7
"Nicki Minaj, Lil Baby",25,0
Future,20,3
Zï¿½ï¿½ Fe,28,73
Muni Long,43,36
Vundabar,3,0
Ed Sheeran,363,129
Labrinth,47,116
V,8,106
"Marï¿½ï¿½lia Mendonï¿½ï¿½a, Hugo & G",35,104
Labrinth,8,67
"Nicki Minaj, Lil Baby",42,1
Labrinth,21,86
"Eminem, Dr. Dre",8,0
"Shawn Mendes, Camila Cabello",453,50
"Tyler, The Creator",13,7
Harry Styles,246,71
"Daddy Yankee, Bad Bunny",52,42
Nirvana,45,27
"Dua Lipa, Megan Thee Stallion",69,2
"Camila Cabello, Ed Sheeran",185,40
Cris Mj,46,16
Anitta,123,113
Dave,29,40
Tulus,12,4
Labrinth,26,1
"Mc Pedrinho, Pedro Sampaio",45,0
Zion & Lennox,18,82
"Residente, Bizarrap",7,11
Ryan Castro,29,2
Jack Harlow,42,0
Eden Muï¿½ï,16,41
Treasure,10,21
Christian Nodal,27,84
"Kevin Gates, Juicy J",0,0
"Tyga, Doja Cat",26,1
JVKE,16,5
Bad Bunny,13,1
Queen,321,162
XXXTENTACION,11,10
Dua Lipa,233,82
Avicii,315,160
Olivia Rodrigo,10,0
YEAT,2,0
C. Tangana,36,2
"The Chainsmokers, Coldplay",336,188
"The Chainsmokers, Halsey",315,159
NMIXX,9,66
"Gotye, Kimbra",217,136
"AnnenMayKantereit, Giant Rooks",15,48
Jack Harlow,163,32
Paulo Londra,32,0
Danny Ocean,68,24
"Daddy Yankee, Bad Bunny",55,3
Shawn Mendes,75,11
Lil Tjay,21,0
Willow,79,80
IVE,28,124
"Feid, Alejo, Robi",49,17
Paulo Londra,11,0
Demi Lovato,155,5
"Camila Cabello, Willow",24,0
Troye Sivan,52,25
"Matuï¿½ï¿½, Wiu, ",26,3
"De La Ghetto, Duki, Quevedo",14,0
Lil Baby,31,9
"Ak4:20, Cris Mj, Pailita",12,2
Charlie Puth,11,6
Yahritza Y Su Esencia,5,0
Daddy Yankee,20,4
"Luï¿½ï¿½sa Sonza, MC Frog, Dj Gabriel do Borel, Davi K",32,0
Harry Styles,124,24
"Ed Sheeran, J Balvin",46,8
teto,27,2
Stray Kids,6,188
Shawn Mendes,229,57
"Blackbear, BoyWithUke",10,2
Harry Styles,85,24
"Pharrell Williams, Nile Rodgers, Daft Punk",203,1
Doja Cat,32,6
"Jordan Fisher, Josh Levi, Finneas O'Connell, 4*TOWN (From Disney and Pixarï¿½ï¿½ï¿½s Turning Red), Topher Ngo, Grayson Vill",34,39
BIGBANG,16,14
Ed Sheeran,228,105
Justin Bieber,289,87
Kendrick Lamar,52,16
Lizzo,242,49
"Kendrick Lamar, Blxst, Amanda Reifer",38,13
Bad Bunny,27,44
Bad Bunny,7,30
Kendrick Lamar,4,5
"Kendrick Lamar, Sampha",4,0
Bad Bunny,7,21
Kendrick Lamar,20,10
"Post Malone, Roddy Ricch",42,28
Bad Bunny,9,11
"Kendrick Lamar, Kodak Black",22,0
"Tony Dize, Bad Bunny",8,25
Kendrick Lamar,3,7
"Buscabulla, Bad Bunny",8,30
Bad Bunny,10,24
"Kendrick Lamar, Taylour Paige",4,1
"Kendrick Lamar, Sam Dew, Baby Keem",9,0
Bad Bunny,5,28
"Bad Bunny, The Marï¿½ï",10,30
Kendrick Lamar,1,0
Bad Bunny,4,15
"Kendrick Lamar, Ghostface Killah, Summer Walker",7,0
Bad Bunny,8,12
"Polima WestCoast, Pailita",48,4
Bad Bunny,7,25
Bad Bunny,9,7
"Bad Bunny, Tainy",162,116
Jack Harlow,35,0
Bad Bunny,6,20
Panic! At The Disco,10,2
"Kendrick Lamar, Tanna Leone",1,0
"PSY, Suga",16,81
Benson Boone,48,40
Kendrick Lamar,0,0
Mï¿½ï¿½ne,93,12
KALUSH,10,4
The Kid Laroi,52,9
Kendrick Lamar,2,0
Kendrick Lamar,1,0
Future,28,42
Kendrick Lamar,2,0
Luciano,16,11
"Bizarrap, Paulo Londra",19,0
Kendrick Lamar,0,0
"Shae Gill, Ali Sethi",10,22
"Kendrick Lamar, Beth Gibbons",3,0
"Sech, Mora",23,16
"MNEK, Jax Jones",135,74
"Ugly Dray, Tesla Jnr",15,3
"Justin Bieber, Don Toliver",26,1
Jessi,5,29
Chanel,31,0
LE SSERAFIM,18,75
Leah Kate,23,1
Sam Ryder,42,51
"HA SUNG WOON, Jimin",4,35
The Goo Goo Dolls,137,5
Kendrick Lamar,29,0
Kevin Kaarl,5,0
Taylor Swift,26,2
Suki Waterhouse,11,6
Lauren Spencer Smith,42,9
BTS,32,110
BTS,5,132
Harry Styles,80,11
Harry Styles,29,10
BTS,5,40
Harry Styles,21,11
Doja Cat,79,13
"Pharrell Williams, Tyler, The Creator, 21 Savage",34,0
"Calvin Harris, Dua Lipa, Young Thug",73,45
BTS,0,18
Harry Styles,20,3
"Nengo Flow, Anuel Aa, Chris Jedi, Chencho Corleone",36,1
"Kanye West, XXXTENTACION",23,1
Harry Styles,43,28
Musical Youth,54,76
"Bizarrap, Villano Antillano",26,16
Harry Styles,13,2
Harry Styles,7,1
Halsey,51,14
"BYOR, Imanbek",109,38
Harry Styles,8,1
Harry Styles,18,1
"Sleepy hallow, 347aidan",19,0
Paloma Faith,90,22
Lady Gaga,63,8
Harry Styles,15,1
"Marshmello, Khalid",107,76
"Ozuna, Tiago pzk",0,0
Childish Gambino,33,60
"David Guetta, Ella Henderson, Becky Hill",139,73
Joji,38,79
Duki,12,1
Harry Styles,26,2
Sidhu Moose Wala,4,106
Keisya Levronka,16,5
Victor Cibrian,5,36
Metallica,112,198
Beyoncï¿,222,61
"De La Ghetto, Feid, Polima WestCoast, Paloma Mami, Pailita",37,2
Drake,66,89
Yung Gravy,45,2
Lasso,26,18
Nayeon,19,21
"Schï¿½ï¿½rze, DJ R",18,124
j-hope,6,52
Guns N' Roses,228,151
Burna Boy,156,275
Rosa Linn,3,0
Drake,38,105
"Kanye West, Lil Durk, Cardi B",11,0
"L7nnon, DJ Biel do Furduncinho, Bianca",28,0
"Anitta, Tini, Becky G",49,3
Nessa Barrett,25,0
LF System,129,55
"Mc Vitin Da Igrejinha, MC Tairon, DJ Win",17,0
Rels B,16,15
"Snoop Dogg, BTS, Benny Blanco",53,2
"Drake, DJ Khaled, Lil Baby",51,1
Luar La L,17,12
Feid,23,10
Duki,13,18
Beyoncï¿,39,47
Ghost,38,266
NewJeans,14,141
Rex Orange County,17,10
Sofia Carson,28,67
"Grupo Marca Registrada, Junior H",10,43
Kanye West,63,39
"Calvin Harris, Halsey, Pharrell Williams, Justin Timberlake",54,6
"Peso Pluma, Luis R Conriquez",15,79
"Luis R Conriquez, La Adictiva",15,33
"David Guetta, Shakira, Black Eyed Peas",81,4
"Melody, Ana Castela, Dj Chris No Beat",22,2
"Elton John, Britney Spears",165,10
Lewis Capaldi,93,95
IVE,20,129
Kanye West,33,11
"Interplanetary Criminal, Eliza Rose",102,53
TWICE,14,77
Armani White,49,1
Feid,20,49
Oxlade,117,72
Feid,25,36
Steve Lacy,21,15
Coldplay,124,25
Coldplay,24,0
YEAT,10,1
"Yandel, Feid",6,1
PnB Rock,15,0
"Ovy On The Drums, Quevedo",18,10
Feid,3,0
Lil Yachty,38,0
Mï¿½ï¿½ne,78,65
"Marshmello, Juice WRLD",16,0
"Fran C, Polima WestCoast, Nickoog Clk, Pablito Pesadilla",14,1
(G)I-DLE,14,116
Southstar,77,10
girl in red,31,21
Lizzo,41,0
Ed Sheeran,86,14
BLACKPINK,2,129
"Rosa Walton, Hallie Coggins",0,0
Lil Baby,36,38
"Luciano, Aitch, Bï¿½",14,12
"MC Ryan SP, Love Funk, Mc Paiva ZS",0,0
"Drake, 21 Savage",22,7
"Drake, Travis Scott, 21 Savage",24,8
Taylor Swift,12,9
Taylor Swift,10,3
"Drake, 21 Savage",9,20
Taylor Swift,7,5
"Drake, 21 Savage",26,9
Taylor Swift,6,3
"Drake, 21 Savage",26,52
Taylor Swift,9,6
Taylor Swift,4,5
"Ludwig Goransson, Foudeqush",8,1
"Drake, 21 Savage",6,5
Jin,10,100
Drake,8,5
"Drake, 21 Savage",3,8
Taylor Swift,1,6
Selena Gomez,61,13
Taylor Swift,4,0
"Feid, Paulo Londra",2,0
"Feid, Sech, Jhayco",29,26
Burna Boy,27,18
