,in_apple_playlists,in_apple_charts,Artista,id_artista
0,43,263,"Latto, Jung Kook",0
1,48,126,Myke Towers,1
2,94,207,Olivia Rodrigo,2
3,259,55,Olivia Rodrigo,2
4,185,61,Olivia Rodrigo,2
5,117,39,Olivia Rodrigo,2
6,25,46,Olivia Rodrigo,2
7,20,21,Olivia Rodrigo,2
8,10,0,Olivia Rodrigo,2
9,116,207,Taylor Swift,3
10,73,119,Taylor Swift,3
11,242,142,Taylor Swift,3
12,154,123,Taylor Swift,3
13,94,111,Taylor Swift,3
14,106,112,Taylor Swift,3
15,37,55,Taylor Swift,3
16,32,93,Taylor Swift,3
17,16,72,Taylor Swift,3
18,19,45,Taylor Swift,3
19,160,110,Taylor Swift,3
20,21,52,Taylor Swift,3
21,25,81,Taylor Swift,3
22,24,101,Taylor Swift,3
23,328,70,Taylor Swift,3
24,47,90,Taylor Swift,3
25,3,33,Taylor Swift,3
26,15,15,Taylor Swift,3
27,51,43,Taylor Swift,3
28,26,6,Taylor Swift,3
29,19,29,Taylor Swift,3
30,8,18,Taylor Swift,3
31,12,16,Taylor Swift,3
32,39,35,Taylor Swift,3
33,50,49,Taylor Swift,3
34,26,2,Taylor Swift,3
35,12,9,Taylor Swift,3
36,10,3,Taylor Swift,3
37,7,5,Taylor Swift,3
38,6,3,Taylor Swift,3
39,9,6,Taylor Swift,3
40,4,5,Taylor Swift,3
41,1,6,Taylor Swift,3
42,4,0,Taylor Swift,3
43,84,133,Bad Bunny,4
44,124,133,Bad Bunny,4
45,34,65,Bad Bunny,4
46,20,64,Bad Bunny,4
47,74,113,Bad Bunny,4
48,120,86,Bad Bunny,4
49,21,20,Bad Bunny,4
50,13,1,Bad Bunny,4
51,27,44,Bad Bunny,4
52,7,30,Bad Bunny,4
53,7,21,Bad Bunny,4
54,9,11,Bad Bunny,4
55,10,24,Bad Bunny,4
56,5,28,Bad Bunny,4
57,4,15,Bad Bunny,4
58,8,12,Bad Bunny,4
59,7,25,Bad Bunny,4
60,9,7,Bad Bunny,4
61,6,20,Bad Bunny,4
62,67,213,"Dave, Central Cee",5
63,34,222,"Eslabon Armado, Peso Pluma",6
64,25,89,Quevedo,7
65,34,26,Quevedo,7
66,11,24,Quevedo,7
67,16,19,Quevedo,7
68,60,210,Gunna,8
69,49,110,"Peso Pluma, Yng Lvcas",9
70,41,205,"Bad Bunny, Grupo Frontera",10
71,37,202,NewJeans,11
72,8,166,NewJeans,11
73,26,124,NewJeans,11
74,28,125,NewJeans,11
75,20,119,NewJeans,11
76,14,141,NewJeans,11
77,300,215,Miley Cyrus,12
78,65,48,Miley Cyrus,12
79,80,156,David Kushner,13
80,13,0,David Kushner,13
81,403,198,Harry Styles,14
82,437,115,Harry Styles,14
83,166,42,Harry Styles,14
84,246,71,Harry Styles,14
85,124,24,Harry Styles,14
86,85,24,Harry Styles,14
87,80,11,Harry Styles,14
88,29,10,Harry Styles,14
89,21,11,Harry Styles,14
90,20,3,Harry Styles,14
91,43,28,Harry Styles,14
92,13,2,Harry Styles,14
93,7,1,Harry Styles,14
94,8,1,Harry Styles,14
95,18,1,Harry Styles,14
96,15,1,Harry Styles,14
97,26,2,Harry Styles,14
98,183,162,SZA,15
99,58,156,SZA,15
100,23,71,SZA,15
101,59,100,SZA,15
102,71,95,SZA,15
103,22,51,SZA,15
104,133,109,SZA,15
105,5,31,SZA,15
106,16,63,SZA,15
107,6,21,SZA,15
108,6,18,SZA,15
109,3,17,SZA,15
110,5,9,SZA,15
111,14,22,SZA,15
112,66,96,SZA,15
113,6,11,SZA,15
114,2,14,SZA,15
115,0,9,SZA,15
116,2,15,SZA,15
117,91,212,Fifty Fifty,16
118,15,93,Fifty Fifty,16
119,80,227,Billie Eilish,17
120,68,89,Billie Eilish,17
121,138,133,Billie Eilish,17
122,39,45,Billie Eilish,17
123,19,0,Billie Eilish,17
124,43,100,"Feid, Young Miko",18
125,8,104,Jimin,19
126,4,71,Jimin,19
127,4,72,Jimin,19
128,11,163,"Gabito Ballesteros, Junior H, Peso Pluma",20
129,24,98,Arctic Monkeys,21
130,30,80,Arctic Monkeys,21
131,133,92,Arctic Monkeys,21
132,54,70,Arctic Monkeys,21
133,17,152,"Bizarrap, Peso Pluma",22
134,74,182,"The Weeknd, Madonna, Playboi Carti",23
135,16,149,Fuerza Regida,24
136,16,159,Fuerza Regida,24
137,35,109,"Tainy, Bad Bunny",26
138,52,107,Morgan Wallen,27
139,37,88,Morgan Wallen,27
140,11,58,Morgan Wallen,27
141,4,20,Morgan Wallen,27
142,22,101,Morgan Wallen,27
143,11,54,Morgan Wallen,27
144,15,17,Morgan Wallen,27
145,6,15,Morgan Wallen,27
146,16,53,Morgan Wallen,27
147,5,9,Morgan Wallen,27
148,2,10,Morgan Wallen,27
149,0,0,Dua Lipa,28
150,532,77,Dua Lipa,28
151,233,82,Dua Lipa,28
152,71,135,Troye Sivan,29
153,52,25,Troye Sivan,29
154,20,185,"Peso Pluma, Grupo Frontera",30
155,113,149,"The Weeknd, 21 Savage, Metro Boomin",31
156,115,123,"Karol G, Shakira",32
157,22,33,"Big One, Duki, Lit Killah, Maria Becerra, FMK, Rusherking, Emilia, Tiago pzk",33
158,19,108,"Yahritza Y Su Esencia, Grupo Frontera",34
159,10,107,"Junior H, Peso Pluma",35
160,19,117,"Junior H, Peso Pluma",35
161,372,117,"Post Malone, Swae Lee",36
162,291,184,"Bebe Rexha, David Guetta",37
163,77,58,"Tyler, The Creator, Kali Uchis",38
164,82,145,"Nicki Minaj, Aqua, Ice Spice",39
165,241,127,OneRepublic,40
166,179,97,OneRepublic,40
167,68,21,The Weeknd,41
168,672,199,The Weeknd,41
169,197,115,The Weeknd,41
170,45,85,The Weeknd,41
171,151,107,The Weeknd,41
172,122,94,The Weeknd,41
173,45,115,The Weeknd,41
174,81,77,The Weeknd,41
175,13,89,The Weeknd,41
176,49,88,The Weeknd,41
177,7,47,The Weeknd,41
178,11,29,The Weeknd,41
179,18,77,The Weeknd,41
180,17,80,The Weeknd,41
181,3,18,The Weeknd,41
182,1,8,The Weeknd,41
183,1,17,The Weeknd,41
184,1,5,The Weeknd,41
185,0,2,The Weeknd,41
186,0,1,The Weeknd,41
187,1,1,The Weeknd,41
188,174,73,The Weeknd,41
189,281,137,"The Weeknd, Daft Punk",42
190,87,86,"Ariana Grande, The Weeknd",43
191,240,98,"Ariana Grande, The Weeknd",43
192,44,64,"Feid, Myke Towers, Sky Rompiendo",44
193,145,111,"David Guetta, Anne-Marie, Coi Leray",45
194,14,71,Karol G,46
195,34,115,Karol G,46
196,15,26,Karol G,46
197,114,104,Karol G,46
198,0,0,Peggy Gou,47
199,250,122,Tom Odell,48
200,67,79,Kali Uchis,49
201,139,111,Manuel Turizo,50
202,27,17,"dennis, MC Kevin o Chris",51
203,154,84,"PinkPantheress, Ice Spice",52
204,38,0,"Charlie Puth, BTS, Jung Kook",53
205,63,79,"Ozuna, Feid",55
206,196,2,Chris Molitor,56
207,105,64,Libianca,57
208,36,32,Post Malone,58
209,56,91,Post Malone,58
210,391,73,Post Malone,58
211,42,80,"Rauw Alejandro, Bizarrap",59
212,25,59,"Rauw Alejandro, Bizarrap",59
213,386,144,Glass Animals,60
214,70,58,JVKE,61
215,16,5,JVKE,61
216,166,87,The Neighbourhood,62
217,33,102,The Neighbourhood,62
218,42,70,The Neighbourhood,62
219,94,65,"Bizarrap, Quevedo",63
220,233,0,Coldplay,64
221,124,25,Coldplay,64
222,24,0,Coldplay,64
223,94,85,d4vd,65
224,82,55,d4vd,65
225,216,108,"Sam Smith, Kim Petras",66
226,47,74,"Yandel, Feid",67
227,6,1,"Yandel, Feid",67
228,12,16,Maria Becerra,68
229,300,65,Vance Joy,69
230,60,96,"Em Beihold, Stephen Sanchez",70
231,9,6,"Mc Livinho, DJ Matt D",71
232,492,99,"Justin Bieber, The Kid Laroi",72
233,80,75,"Marshmello, Manuel Turizo",73
234,440,125,Lewis Capaldi,74
235,205,130,Lewis Capaldi,74
236,93,95,Lewis Capaldi,74
237,104,120,"Chencho Corleone, Bad Bunny",75
238,150,148,Jain,76
239,1,52,"Ayparia, unxbected",77
240,57,97,Luke Combs,78
241,29,76,Doechii,79
242,28,89,"Bad Bunny, Eladio Carrion",80
243,2,107,Jung Kook,81
244,4,113,Jung Kook,81
245,69,145,"J. Cole, Lil Durk",82
246,49,105,Lana Del Rey,83
247,89,143,Lana Del Rey,83
248,24,122,Lana Del Rey,83
249,20,106,BTS,84
250,180,135,BTS,84
251,239,163,BTS,84
252,77,134,BTS,84
253,32,110,BTS,84
254,5,132,BTS,84
255,5,40,BTS,84
256,0,18,BTS,84
257,17,119,"Future, Metro Boomin, Don Toliver",85
258,49,98,Eminem,86
259,98,76,Eminem,86
260,81,53,Eminem,86
261,247,54,Eminem,86
262,6,40,Carin Leon,87
263,384,135,"Dua Lipa, Elton John, Pnau",88
264,41,100,Ruth B.,89
265,98,108,Imagine Dragons,90
266,250,121,Imagine Dragons,90
267,65,82,Imagine Dragons,90
268,88,112,Adele,91
269,258,87,Adele,91
270,105,7,Adele,91
271,195,125,Adele,91
272,69,113,"Kendrick Lamar, Jay Rock",92
273,7,6,Anggi Marito,93
274,101,32,Tears For Fears,95
275,80,65,J. Cole,96
276,74,102,Loreen,97
277,19,23,"Taiu, Milo j",98
278,161,115,"Calvin Harris, Ellie Goulding",100
279,69,12,Sabrina Carpenter,101
280,21,110,"Carin Leon, Grupo Frontera",102
281,8,116,Peso Pluma,103
282,13,110,Peso Pluma,103
283,45,69,Feid,104
284,29,65,Feid,104
285,47,66,Feid,104
286,20,8,Feid,104
287,23,10,Feid,104
288,20,49,Feid,104
289,25,36,Feid,104
290,3,0,Feid,104
291,201,44,"Ray Dalton, Ryan Lewis, Macklemore",105
292,221,96,"Billie Eilish, Khalid",106
293,10,126,(G)I-DLE,107
294,14,116,(G)I-DLE,107
295,119,108,"Shakira, Bizarrap",108
296,31,37,"Swae Lee, A Boogie Wit da Hoodie, Metro Boomin, NAV",109
297,24,90,"Travis Scott, Young Thug, Metro Boomin",110
298,3,88,"Sachin-Jigar, Shadab Faridi, Altamash Faridi, Amitabh Bhattacharya, Varun Jain",111
299,7,0,Ed Sheeran,112
300,33,0,Ed Sheeran,112
301,116,69,Ed Sheeran,112
302,37,3,Ed Sheeran,112
303,234,71,Ed Sheeran,112
304,344,97,Ed Sheeran,112
305,363,129,Ed Sheeran,112
306,228,105,Ed Sheeran,112
307,86,14,Ed Sheeran,112
308,6,9,"Veigh, Bvga Beatz, Supernova Ent, Prod Malax",113
309,5,2,"Mc Pedrinho, DJ 900",114
310,17,29,"Sog, Ryan Castro, Peso Pluma",115
311,13,8,"The Weeknd, Lana Del Rey",116
312,107,69,Keane,118
313,24,71,New West,119
314,7,71,Chino Pacas,120
315,7,76,Natanael Cano,121
316,119,81,"Don Omar, Lucenzo",122
317,14,88,"Ana Castela, AgroPlay",123
318,0,0,Bruno Mars,124
319,0,0,Bruno Mars,124
320,82,0,Bruno Mars,124
321,5,0,Bruno Mars,124
322,4,14,"Big One, FMK, Ke personajes",125
323,81,121,"Drake, 21 Savage",126
324,84,84,"Drake, 21 Savage",126
325,22,7,"Drake, 21 Savage",126
326,9,20,"Drake, 21 Savage",126
327,26,9,"Drake, 21 Savage",126
328,26,52,"Drake, 21 Savage",126
329,6,5,"Drake, 21 Savage",126
330,3,8,"Drake, 21 Savage",126
331,107,38,Justin Bieber,127
332,195,111,Justin Bieber,127
333,289,87,Justin Bieber,127
334,133,181,Chris Brown,128
335,19,143,"Natanael Cano, Peso Pluma",129
336,98,95,Daddy Yankee,130
337,20,4,Daddy Yankee,130
338,433,107,"Drake, WizKid, Kyla",131
339,137,125,Miguel,132
340,211,74,The Police,133
341,70,82,Lord Huron,134
342,321,91,"Rihanna, Calvin Harris",135
343,0,0,Alec Benjamin,136
344,17,60,"A$AP Rocky, Metro Boomin, Roisee",137
345,35,102,YOASOBI,138
346,148,80,Rosa Linn,139
347,3,0,Rosa Linn,139
348,60,20,One Direction,140
349,11,84,"Oscar Maydon, Junior H",141
350,146,72,Radiohead,142
351,38,25,James Arthur,143
352,231,37,James Arthur,143
353,61,96,Cigarettes After Sex,144
354,7,10,Shubh,145
355,112,68,Frank Ocean,146
356,124,27,Frank Ocean,146
357,187,99,Hozier,147
358,27,129,"Fuerza Regida, Grupo Frontera",148
359,1,50,Hotel Ugly,149
360,2,4,Hotel Ugly,149
361,71,37,Creedence Clearwater Revival,150
362,4,3,Plan B,151
363,20,46,"Feid, Mora, Saiko, Quevedo",152
364,34,0,a-ha,153
365,13,46,"Swae Lee, Lil Wayne, Offset, Metro Boomin",154
366,22,18,"Kodak Black, NLE Choppa, Muni Long, JVKE, Jimin",155
367,37,50,Shakira,156
368,12,117,"Natanael Cano, Gabito Ballesteros, Peso Pluma",157
369,6,71,"Arijit Singh, Sachin-Jigar, Amitabha Bhattacharya",158
370,9,101,Stray Kids,159
371,6,188,Stray Kids,159
372,15,92,"Becky G, Peso Pluma",160
373,18,41,"Metro Boomin, Coi Leray",161
374,44,34,"Kaliii, Kaliii",162
375,10,79,"Abhijay Sharma, Riar Saab",164
376,20,110,JISOO,166
377,5,17,"Future, Lil Uzi Vert, Metro Boomin",167
378,116,84,"RAYE, 070 Shake",168
379,12,1,"RAYE, 070 Shake",168
380,47,77,"Arcangel, Bad Bunny",169
381,23,21,"Taylor Swift, Ice Spice",170
382,41,69,"Future, Chris Brown, Metro Boomin",171
383,8,78,"BLESSD, Peso Pluma",172
384,10,72,"Fuerza Regida, Natanael Cano",173
385,1,0,"Lana Del Rey, Taylor Swift",174
386,118,48,Coi Leray,175
387,8,96,ENHYPEN,176
388,2,12,ENHYPEN,176
389,10,56,ENHYPEN,176
390,23,82,"Lil Durk, Morgan Wallen",177
391,1,20,"James Blake, Metro Boomin",178
392,7,29,"Israel & Rodolffo, Mari Fernandez",179
393,155,72,Steve Lacy,180
394,71,53,Steve Lacy,180
395,21,15,Steve Lacy,180
396,6,14,"Halsey, Suga",182
397,39,14,"Nicky Jam, Feid",183
398,29,26,"Sean Paul, Feid",184
399,58,70,Drake,185
400,66,89,Drake,185
401,38,105,Drake,185
402,8,5,Drake,185
403,3,10,"WizKid, Toian, Metro Boomin, Don Toliver, Beam",187
404,8,57,Simone Mendes,188
405,51,29,Tini,189
406,72,27,Lil Uzi Vert,190
407,119,66,Sia,191
408,85,110,Sia,191
409,69,100,Stephen Sanchez,192
410,7,2,"MC Caverinha, KayBlack",193
411,3,3,"Offset, JID",194
412,41,22,"Migrantes, LiL CaKe, Nico Valdi",196
413,3,79,Tory Lanez,197
414,109,42,Joji,198
415,38,45,Joji,198
416,38,79,Joji,198
417,9,13,"Mambo Kingz, DJ Luian, Anuel Aa",199
418,10,41,"Mambo Kingz, DJ Luian, Anuel Aa",199
419,14,110,"Nile Rodgers, LE SSERAFIM",200
420,6,84,Agust D,201
421,46,5,Labrinth,203
422,24,85,Labrinth,203
423,45,1,Labrinth,203
424,47,116,Labrinth,203
425,8,67,Labrinth,203
426,21,86,Labrinth,203
427,26,1,Labrinth,203
428,45,80,"Karol G, Romeo Santos",204
429,67,55,Lizzy McAlpine,205
430,16,102,IVE,206
431,17,89,IVE,206
432,28,124,IVE,206
433,20,129,IVE,206
434,0,0,sped up 8282,207
435,8,14,"Cartel De Santa, La Kelly",208
436,16,103,SEVENTEEN,209
437,21,4,NLE Choppa,210
438,36,65,"The Weeknd, Future",211
439,0,0,"Nicki Minaj, Ice Spice",212
440,4,64,"Grupo Marca Registrada, Grupo Frontera",213
441,8,84,"Fuerza Regida, Peso Pluma",214
442,16,90,"TAEYANG, Lisa",215
443,5,6,Raim Laode,216
444,142,23,Meghan Trainor,218
445,0,0,"sped up nightcore, ARIZONATEARS, Lil Uzi Vert",219
446,17,80,Grupo Frontera,220
447,3,1,TV Girl,221
448,18,78,INTERWORLD,222
449,17,13,"Quevedo, Jhayco",223
450,3,31,"El Chachito, Junior H",224
451,30,70,"The Weeknd, Gesaffelstein",225
452,110,145,"The Weeknd, Gesaffelstein",225
453,5,9,"RM, Colde",226
454,53,120,BLACKPINK,227
455,57,119,BLACKPINK,227
456,2,129,BLACKPINK,227
457,21,55,"Nengo Flow, Bad Bunny",228
458,156,35,"Nicky Youre, Dazy",229
459,18,51,"Eminem, Dina Rae",230
460,4,45,"IU, Agust D",231
461,11,3,"Arcangel, Bizarrap",232
462,23,0,"Tyler, The Creator",233
463,8,1,"Tyler, The Creator",233
464,13,7,"Tyler, The Creator",233
465,22,7,NF,235
466,4,11,Yng Lvcas,236
467,16,15,"Kanii, PR1ISVX",237
468,67,84,Zach Bryan,239
469,29,9,Melanie Martinez,240
470,5,48,"Fuerza Regida, Chino Pacas",241
471,81,27,Mae Stephens,242
472,28,57,"Feid, Mora",243
473,23,2,Kenia OS,244
474,20,68,Kordhell,245
475,21,0,"Coolio, L.V.",246
476,52,66,"Karol G, Ovy On The Drums",247
477,44,19,The Walters,248
478,27,27,Mac DeMarco,249
479,0,0,Jack Black,250
480,20,8,"Duki, NICKI NICOLE, Cris Mj, Standly, Stars Music Chile",251
481,72,64,"Brray, Rauw Alejandro, Lyanno",252
482,39,0,Linkin Park,253
483,63,0,Linkin Park,253
484,32,18,"Gorillaz, Bad Bunny",254
485,22,82,"j-hope, J. Cole",255
486,108,16,"Robin Schulz, Oliver Tree",256
487,29,3,"Don Toliver, Future, Justin Bieber",257
488,61,6,Niall Horan,258
489,49,23,Central Cee,259
490,57,44,Central Cee,259
491,4,6,Mahalini,260
492,11,101,"Arijit Singh, Sachin-Jigar",261
493,32,3,ThxSoMch,262
494,1,0,ThxSoMch,262
495,30,15,"Myke Towers, Quevedo",263
496,14,35,"Morgan Wallen, Eric Church",264
497,45,11,Nicki Minaj,265
498,104,17,Nicki Minaj,265
499,1,10,Kaifi Khalil,266
500,11,15,"Karol G, Quevedo",267
501,66,26,Lady Gaga,268
502,63,8,Lady Gaga,268
503,118,34,"Ozuna, Shakira",269
504,20,1,Leo Santana,270
505,12,2,Treyce,271
506,94,21,"Post Malone, Doja Cat",272
507,6,1,"MC Xenon, Os Gemeos da Putaria",273
508,122,88,"Imagine Dragons, League of Legends, JID, Arcane",274
509,7,0,XXXTENTACION,275
510,11,10,XXXTENTACION,275
511,26,69,"Israel & Rodolffo, Ana Castela",276
512,177,109,"J Balvin, Bad Bunny",277
513,19,59,"Yuridia, Angela Aguilar",278
514,57,4,The Kid Laroi,279
515,52,9,The Kid Laroi,279
516,0,0,Lizzo,280
517,242,49,Lizzo,280
518,41,0,Lizzo,280
519,24,94,Fujii Kaze,281
520,11,80,King,283
521,0,0,"Coldplay, BTS",284
522,86,1,"Sam Smith, Calvin Harris, Jessie Reyez",285
523,88,24,P!nk,286
524,23,95,LE SSERAFIM,287
525,18,75,LE SSERAFIM,287
526,27,0,PinkPantheress,288
527,15,40,"TAEYANG, Jimin",289
528,129,31,Rihanna,290
529,113,17,Lil Nas X,291
530,275,19,Lil Nas X,291
531,173,7,Lil Nas X,291
532,47,60,Beach Weather,292
533,113,92,"Halsey, BTS",293
534,9,1,Baby Tate,294
535,13,78,"Arijit Singh, Vishal Dadlani, Sukriti Kakar, Vishal-Shekhar, Shekhar Ravjiani, Kumaar",296
536,69,76,Beach House,297
537,11,78,"BTS, Jung Kook, FIFA Sound",298
538,124,66,"Shakira, Rauw Alejandro",299
539,33,7,"Steve Aoki, Tini, La Joaqui",300
540,136,24,Sam Smith,301
541,82,1,Conan Gray,302
542,21,79,"Vishal-Shekhar, Shilpa Rao, Caralisa Monteiro, Kumaar, Vishal Dadlani, Shekhar Ravjiani",303
543,537,122,"Calvin Harris, Dua Lipa",304
544,12,56,TOMORROW X TOGETHER,305
545,128,84,"Drake, Future, Tems",306
546,1,9,Mr.Kitty,307
547,27,64,"Gustavo Mioto, Mari Fernandez",308
548,300,47,"Jack Harlow, Lil Nas X",309
549,43,53,Seafret,311
550,54,32,"Baby Rasta, Rauw Alejandro",312
551,14,1,"DJ Escobar, MC MENOR SG, MC MENOR HR",313
552,72,97,Dean Lewis,314
553,9,0,Bellakath,315
554,39,45,"Skrillex, Flowdan, Fred again..",316
555,12,22,"Travis Scott, 21 Savage, Metro Boomin",317
556,117,1,Kate Bush,318
557,0,0,Aerosmith,319
558,14,1,Freddie Dredd,320
559,238,122,"Lost Frequencies, Calum Scott",321
560,34,54,"Twisted, Oliver Tree",322
561,38,101,Kenshi Yonezu,323
562,70,0,Omar Apollo,324
563,198,13,"Dua Lipa, DaBaby",325
564,202,50,Doja Cat,326
565,125,36,Doja Cat,326
566,43,19,Doja Cat,326
567,85,87,Doja Cat,326
568,32,6,Doja Cat,326
569,79,13,Doja Cat,326
570,173,79,"James Hype, Miggy Dela Rosa",327
571,26,98,"Pritam, Arijit Singh, Amitabh Bhattacharya",328
572,4,0,"Styrx, utku INC, Thezth",329
573,56,38,"Maroon 5, Wiz Khalifa",330
574,387,132,Mariah Carey,331
575,274,111,Wham!,332
576,191,168,Brenda Lee,333
577,165,99,Bobby Helms,334
578,231,106,Ariana Grande,336
579,175,55,Ariana Grande,336
580,182,107,Andy Williams,337
581,88,1,Dean Martin,338
582,144,99,Kelly Clarkson,339
583,114,74,The Ronettes,341
584,130,1,"John Lennon, The Harlem Community Choir, The Plastic Ono Band, Yoko Ono",342
585,7,29,"SZA, Don Toliver",343
586,108,120,Burl Ives,344
587,140,72,Nat King Cole,345
588,65,39,Nat King Cole,345
589,1,0,Paul McCartney,346
590,209,30,Band Aid,347
591,16,20,"SZA, Phoebe Bridgers",348
592,126,108,"Frank Sinatra, B. Swanson Quartet",349
593,13,87,"SZA, Travis Scott",350
594,73,79,"Bing Crosby, John Scott Trotter & His Orchestra, Ken Darby Singers",351
595,50,0,Chris Rea,352
596,121,58,Darlene Love,353
597,72,90,"Ed Sheeran, Elton John",354
598,89,39,"Perry Como, The Fontane Sisters, Mitchell Ayres & His Orchestra",355
599,115,53,Britney Spears,356
600,10,6,"Mabel Matiz, Mert Demir",357
601,2,74,RM,358
602,3,7,"Travis Scott, Metro Boomin",359
603,33,57,"Taylor Swift, Lana Del Rey",360
604,27,77,"Bad Bunny, Jhay Cortez",362
605,189,166,"Bad Bunny, Jhay Cortez",362
606,108,56,"Gwen Stefani, Blake Shelton",363
607,83,58,"Chencho Corleone, Rauw Alejandro",364
608,38,64,"Bad Bunny, Rauw Alejandro",365
609,120,30,Chuck Berry,366
610,32,3,Frank Sinatra,367
611,2,2,"John Legend, Metro Boomin",368
612,39,50,"Maldy, Karol G",369
613,170,12,Gayle,370
614,65,7,"Lauren Spencer Smith, Lauren Spencer Smith, Lauren Spencer Smith",371
615,183,63,"Cherish, ACRAZE",372
616,95,89,"Adassa, Mauro Castillo, Stephanie Beatriz, Encanto - Cast, Rhenzy Feliz, Diane Guerrero, Carolina Gaitan",373
617,252,109,Farruko,374
618,24,0,Jaymes Young,375
619,7,18,"The Weeknd, Tyler, The Creator",376
620,382,65,"SZA, Doja Cat",377
621,9,10,"The Weeknd, Lil Wayne",378
622,74,0,Ckay,379
623,38,48,Jessica Darrow,380
624,68,18,"The Weeknd, Post Malone",381
625,67,13,"Aitana, zzoilo",383
626,61,65,"Julieta Venegas, Bad Bunny, Tainy",384
627,44,109,Lisa,385
628,114,172,"The Weeknd, Swedish House Mafia",387
629,85,43,"Juan Cruz Toledo, Huilen Toledo",388
630,34,23,BoyWithUke,389
631,32,0,"Lit Killah, Maria Becerra, Tiago pzk, NICKI NICOLE",391
632,45,0,Emmy Meli,392
633,56,8,Shawn Mendes,394
634,75,11,Shawn Mendes,394
635,229,57,Shawn Mendes,394
636,52,15,Kodak Black,395
637,138,24,"Aventura, Bad Bunny",396
638,188,75,Rauw Alejandro,397
639,36,82,Rauw Alejandro,397
640,63,40,"Bruno Mars, Anderson .Paak, Silk Sonic",398
641,237,123,"Bruno Mars, Anderson .Paak, Silk Sonic",398
642,47,14,"THE ANXIETY, Willow, Tyler Cole",399
643,77,31,Sebastian Yatra,400
644,24,47,Sebastian Yatra,400
645,231,52,"Justin Bieber, Daniel Caesar, Giveon",401
646,20,4,"Bizarrap, Tiago pzk",402
647,41,122,Stromae,403
648,86,76,"Chris Brown, Rvssian, Rauw Alejandro",404
649,105,2,"NEIKED, Mae Muller, Polo G",405
650,43,15,Oliver Tree,406
651,69,3,"Kali Uchis, Amaarae, Moliy",407
652,54,28,"Young Thug, Future, Gunna",408
653,83,9,"Doja Cat, The Weeknd",409
654,44,0,Jnr Choi,410
655,17,5,"Trueno, Tiago pzk",411
656,101,34,"Sech, Bad Bunny, Mora",412
657,45,43,"Drake, Project Pat, 21 Savage",413
658,16,0,Edison Lighthouse,415
659,20,38,"Olga Merediz, Stephanie Beatriz, Encanto - Cast",417
660,23,21,Surf Curse,418
661,111,5,Jason Derulo,419
662,3,0,"21 Savage, Gunna",420
663,237,27,"24kgoldn, Iann Dior",421
664,13,27,"Stephanie Beatriz, Diane Guerrero",422
665,14,14,Trueno,423
666,24,6,Kanye West,424
667,63,39,Kanye West,424
668,33,11,Kanye West,424
669,25,3,Playboi Carti,425
670,103,76,Maluma,426
671,60,17,"Ed Sheeran, Fireboy DML",427
672,54,16,"Prezioso, Gabry Ponte, LUM!X",428
673,20,99,TWICE,431
674,14,77,TWICE,431
675,111,127,Giveon,432
676,92,127,"Sean Paul, Dua Lipa",433
677,122,11,"Charli XCX, Jax Jones, Joel Corry, Saweetie",434
678,4,2,SALES,435
679,29,0,Sleepy hallow,436
680,146,18,Masked Wolf,437
681,101,12,"Anuel Aa, Jhay Cortez",438
682,30,2,NIKI,439
683,167,19,Tate McRae,440
684,105,12,Tate McRae,440
685,92,122,Avicii,441
686,315,160,Avicii,441
687,144,30,"Drake, Future, Young Thug",442
688,8,8,"Imagine Dragons, League of Legends, Arcane",443
689,533,167,Tones and I,444
690,188,34,Juice WRLD,445
691,11,0,Juice WRLD,445
692,92,34,"J Balvin, Maria Becerra",446
693,308,118,John Legend,447
694,265,121,Nirvana,448
695,45,27,Nirvana,448
696,107,47,Duncan Laurence,449
697,118,116,"Drake, Travis Scott",450
698,22,3,"Tini, L-Gante",451
699,0,4,SiM,452
700,114,15,"Kendrick Lamar, Baby Keem",453
701,306,99,The Killers,454
702,93,5,"J Balvin, Nio Garcia, Bad Bunny",455
703,368,155,"Lady Gaga, Bradley Cooper",456
704,143,24,"Marshmello, Jonas Brothers",457
705,209,54,"Riton, Nightcrawlers, Mufasa & Hypeman, Dopamine",458
706,141,12,Polo G,459
707,78,46,"Eminem, Nate Dogg",460
708,272,67,Maroon 5,461
709,17,3,"Gunna, Lil Baby",463
710,89,21,"Katy Perry, Alesso",464
711,61,23,"Tini, Maria Becerra",466
712,30,26,"Anuel Aa, Myke Towers, Jhay Cortez",467
713,151,102,"Karol G, Becky G",468
714,141,78,"Dr. Dre, Snoop Dogg",469
715,142,40,"Dr. Dre, Snoop Dogg",469
716,76,0,Dove Cameron,470
717,46,1,"Ed Sheeran, Taylor Swift",471
718,119,6,Charlie Puth,472
719,11,6,Charlie Puth,472
720,34,3,"Kanye West, Alicia Keys, Fivio Foreign",473
721,34,1,"Mahmood, Blanco",474
722,235,106,50 Cent,475
723,13,0,Yung Lean,476
724,33,123,"Labrinth, Zendaya",477
725,22,13,The Rare Occasions,478
726,7,21,"Intense, AP Dhillon, Gurinder Gill",479
727,128,17,"Dr. Dre, 2Pac, Roger",481
728,78,15,"Eminem, Dr. Dre",482
729,8,0,"Eminem, Dr. Dre",482
730,57,13,"Luude, Colin Hay",483
731,44,63,Ryan Castro,484
732,29,2,Ryan Castro,484
733,284,114,Kendrick Lamar,485
734,52,16,Kendrick Lamar,485
735,4,5,Kendrick Lamar,485
736,20,10,Kendrick Lamar,485
737,3,7,Kendrick Lamar,485
738,1,0,Kendrick Lamar,485
739,0,0,Kendrick Lamar,485
740,2,0,Kendrick Lamar,485
741,1,0,Kendrick Lamar,485
742,2,0,Kendrick Lamar,485
743,0,0,Kendrick Lamar,485
744,29,0,Kendrick Lamar,485
745,83,63,"Eminem, Dido",486
746,65,45,"GODZZ__-, Zakaria",487
747,5,1,Chase Atlantic,488
748,47,3,Em Beihold,489
749,10,0,"Mainstreet, Chefin",490
750,42,7,"Alvaro Diaz, Rauw Alejandro",491
751,25,0,"Nicki Minaj, Lil Baby",492
752,42,1,"Nicki Minaj, Lil Baby",492
753,20,3,Future,493
754,28,42,Future,493
755,43,36,Muni Long,495
756,3,0,Vundabar,496
757,8,106,V,497
758,453,50,"Shawn Mendes, Camila Cabello",499
759,52,42,"Daddy Yankee, Bad Bunny",500
760,55,3,"Daddy Yankee, Bad Bunny",500
761,69,2,"Dua Lipa, Megan Thee Stallion",501
762,185,40,"Camila Cabello, Ed Sheeran",502
763,46,16,Cris Mj,503
764,123,113,Anitta,504
765,29,40,Dave,505
766,12,4,Tulus,506
767,45,0,"Mc Pedrinho, Pedro Sampaio",507
768,18,82,Zion & Lennox,508
769,7,11,"Residente, Bizarrap",509
770,42,0,Jack Harlow,510
771,163,32,Jack Harlow,510
772,35,0,Jack Harlow,510
773,10,21,Treasure,512
774,27,84,Christian Nodal,513
775,0,0,"Kevin Gates, Juicy J",514
776,26,1,"Tyga, Doja Cat",515
777,321,162,Queen,516
778,2,0,YEAT,517
779,10,1,YEAT,517
780,36,2,C. Tangana,518
781,336,188,"The Chainsmokers, Coldplay",519
782,315,159,"The Chainsmokers, Halsey",520
783,9,66,NMIXX,521
784,217,136,"Gotye, Kimbra",522
785,15,48,"AnnenMayKantereit, Giant Rooks",523
786,32,0,Paulo Londra,524
787,11,0,Paulo Londra,524
788,68,24,Danny Ocean,525
789,21,0,Lil Tjay,526
790,79,80,Willow,527
791,49,17,"Feid, Alejo, Robi",528
792,155,5,Demi Lovato,529
793,24,0,"Camila Cabello, Willow",530
794,14,0,"De La Ghetto, Duki, Quevedo",532
795,31,9,Lil Baby,533
796,36,38,Lil Baby,533
797,12,2,"Ak4:20, Cris Mj, Pailita",534
798,5,0,Yahritza Y Su Esencia,535
799,46,8,"Ed Sheeran, J Balvin",537
800,27,2,teto,538
801,10,2,"Blackbear, BoyWithUke",539
802,203,1,"Pharrell Williams, Nile Rodgers, Daft Punk",540
803,16,14,BIGBANG,541
804,38,13,"Kendrick Lamar, Blxst, Amanda Reifer",542
805,4,0,"Kendrick Lamar, Sampha",543
806,42,28,"Post Malone, Roddy Ricch",544
807,22,0,"Kendrick Lamar, Kodak Black",545
808,8,25,"Tony Dize, Bad Bunny",546
809,8,30,"Buscabulla, Bad Bunny",547
810,4,1,"Kendrick Lamar, Taylour Paige",548
811,9,0,"Kendrick Lamar, Sam Dew, Baby Keem",549
812,7,0,"Kendrick Lamar, Ghostface Killah, Summer Walker",551
813,48,4,"Polima WestCoast, Pailita",552
814,162,116,"Bad Bunny, Tainy",553
815,10,2,Panic! At The Disco,554
816,1,0,"Kendrick Lamar, Tanna Leone",555
817,16,81,"PSY, Suga",556
818,48,40,Benson Boone,557
819,10,4,KALUSH,558
820,16,11,Luciano,559
821,19,0,"Bizarrap, Paulo Londra",560
822,10,22,"Shae Gill, Ali Sethi",561
823,3,0,"Kendrick Lamar, Beth Gibbons",562
824,23,16,"Sech, Mora",563
825,135,74,"MNEK, Jax Jones",564
826,15,3,"Ugly Dray, Tesla Jnr",565
827,26,1,"Justin Bieber, Don Toliver",566
828,5,29,Jessi,567
829,31,0,Chanel,568
830,23,1,Leah Kate,569
831,42,51,Sam Ryder,570
832,4,35,"HA SUNG WOON, Jimin",571
833,137,5,The Goo Goo Dolls,572
834,5,0,Kevin Kaarl,573
835,11,6,Suki Waterhouse,574
836,42,9,Lauren Spencer Smith,575
837,34,0,"Pharrell Williams, Tyler, The Creator, 21 Savage",576
838,73,45,"Calvin Harris, Dua Lipa, Young Thug",577
839,36,1,"Nengo Flow, Anuel Aa, Chris Jedi, Chencho Corleone",578
840,23,1,"Kanye West, XXXTENTACION",579
841,54,76,Musical Youth,580
842,26,16,"Bizarrap, Villano Antillano",581
843,51,14,Halsey,582
844,109,38,"BYOR, Imanbek",583
845,19,0,"Sleepy hallow, 347aidan",584
846,90,22,Paloma Faith,585
847,107,76,"Marshmello, Khalid",586
848,0,0,"Ozuna, Tiago pzk",587
849,33,60,Childish Gambino,588
850,139,73,"David Guetta, Ella Henderson, Becky Hill",589
851,12,1,Duki,590
852,13,18,Duki,590
853,4,106,Sidhu Moose Wala,591
854,16,5,Keisya Levronka,592
855,5,36,Victor Cibrian,593
856,112,198,Metallica,594
857,37,2,"De La Ghetto, Feid, Polima WestCoast, Paloma Mami, Pailita",595
858,45,2,Yung Gravy,596
859,26,18,Lasso,597
860,19,21,Nayeon,598
861,6,52,j-hope,600
862,156,275,Burna Boy,601
863,27,18,Burna Boy,601
864,11,0,"Kanye West, Lil Durk, Cardi B",602
865,28,0,"L7nnon, DJ Biel do Furduncinho, Bianca",603
866,49,3,"Anitta, Tini, Becky G",604
867,25,0,Nessa Barrett,605
868,129,55,LF System,606
869,17,0,"Mc Vitin Da Igrejinha, MC Tairon, DJ Win",607
870,16,15,Rels B,608
871,53,2,"Snoop Dogg, BTS, Benny Blanco",609
872,51,1,"Drake, DJ Khaled, Lil Baby",610
873,17,12,Luar La L,611
874,38,266,Ghost,612
875,17,10,Rex Orange County,613
876,28,67,Sofia Carson,614
877,10,43,"Grupo Marca Registrada, Junior H",615
878,54,6,"Calvin Harris, Halsey, Pharrell Williams, Justin Timberlake",616
879,15,79,"Peso Pluma, Luis R Conriquez",617
880,15,33,"Luis R Conriquez, La Adictiva",618
881,81,4,"David Guetta, Shakira, Black Eyed Peas",619
882,22,2,"Melody, Ana Castela, Dj Chris No Beat",620
883,165,10,"Elton John, Britney Spears",621
884,102,53,"Interplanetary Criminal, Eliza Rose",622
885,49,1,Armani White,623
886,117,72,Oxlade,624
887,15,0,PnB Rock,625
888,18,10,"Ovy On The Drums, Quevedo",626
889,38,0,Lil Yachty,627
890,16,0,"Marshmello, Juice WRLD",628
891,14,1,"Fran C, Polima WestCoast, Nickoog Clk, Pablito Pesadilla",629
892,77,10,Southstar,630
893,31,21,girl in red,631
894,0,0,"Rosa Walton, Hallie Coggins",632
895,0,0,"MC Ryan SP, Love Funk, Mc Paiva ZS",634
896,24,8,"Drake, Travis Scott, 21 Savage",635
897,8,1,"Ludwig Goransson, Foudeqush",636
898,10,100,Jin,637
899,61,13,Selena Gomez,638
900,2,0,"Feid, Paulo Londra",639
901,29,26,"Feid, Sech, Jhayco",640
